{"data":{"Year":[2010,2010,2010,2010,2010,2011,2011,2011,2011,2011,2012,2012,2012,2012,2012,2013,2013,2013,2013,2013,2014,2014,2014,2014,2014,2015,2015,2015,2015,2015,2016,2016,2016,2016,2016,2017,2017,2017,2017,2017,2018,2018,2018,2018,2018,2019,2019,2019,2019,2019],"Sex":[null,null,null,null,null,null,null,null,null,null,null,null,null,null,null,null,null,null,null,null,null,null,null,null,null,null,null,null,null,null,null,null,null,null,null,null,null,null,null,null,null,null,null,null,null,null,null,null,null,null],"Age":[null,null,null,null,null,null,null,null,null,null,null,null,null,null,null,null,null,null,null,null,null,null,null,null,null,null,null,null,null,null,null,null,null,null,null,null,null,null,null,null,null,null,null,null,null,null,null,null,null,null],"Location":[null,"CITY","RURAL","TSUB","URBAN",null,"CITY","RURAL","TSUB","URBAN",null,"CITY","RURAL","TSUB","URBAN",null,"CITY","RURAL","TSUB","URBAN",null,"CITY","RURAL","TSUB","URBAN",null,"CITY","RURAL","TSUB","URBAN",null,"CITY","RURAL","TSUB","URBAN",null,"CITY","RURAL","TSUB","URBAN",null,"CITY","RURAL","TSUB","URBAN",null,"CITY","RURAL","TSUB","URBAN"],"Quantile":[null,null,null,null,null,null,null,null,null,null,null,null,null,null,null,null,null,null,null,null,null,null,null,null,null,null,null,null,null,null,null,null,null,null,null,null,null,null,null,null,null,null,null,null,null,null,null,null,null,null],"Units":["mgr/m^3","mgr/m^3","mgr/m^3","mgr/m^3","mgr/m^3","mgr/m^3","mgr/m^3","mgr/m^3","mgr/m^3","mgr/m^3","mgr/m^3","mgr/m^3","mgr/m^3","mgr/m^3","mgr/m^3","mgr/m^3","mgr/m^3","mgr/m^3","mgr/m^3","mgr/m^3","mgr/m^3","mgr/m^3","mgr/m^3","mgr/m^3","mgr/m^3","mgr/m^3","mgr/m^3","mgr/m^3","mgr/m^3","mgr/m^3","mgr/m^3","mgr/m^3","mgr/m^3","mgr/m^3","mgr/m^3","mgr/m^3","mgr/m^3","mgr/m^3","mgr/m^3","mgr/m^3","mgr/m^3","mgr/m^3","mgr/m^3","mgr/m^3","mgr/m^3","mgr/m^3","mgr/m^3","mgr/m^3","mgr/m^3","mgr/m^3"],"Value":[38.342127599,43.2749245145,36.5737945651,40.4520662613,42.3912562376,38.0211768831,42.4053347716,36.435791641,40.0671455315,41.6685360494,38.6503490646,42.9690517527,37.0367374122,41.113186559,42.3803849562,38.6200486841,43.248266238,36.9697419794,40.7588695488,42.4534472711,37.642573912,42.0809921191,36.036092816,39.9393307284,41.392684363,38.7678655623,42.6968243399,37.3391114335,40.9139699647,42.1200318649,39.8275246782,44.1725929672,38.2852797803,41.9990751374,43.4647294179,37.3305706306,42.1569048012,35.643677386,39.6333878519,41.3296314413,37.4807294417,42.6336866159,35.7572239271,39.4630934157,41.5875827725,37.6610848138,43.0053757723,35.9306715972,39.3896586054,41.8049838979]},"edges":[]}