{"data":{"Year":[2000,2001,2002,2003,2004,2005,2006,2007,2008,2009,2010,2011,2012,2013,2014,2015,2016,2017,2018,2019,2020],"Sex":[null,null,null,null,null,null,null,null,null,null,null,null,null,null,null,null,null,null,null,null,null],"Age":[null,null,null,null,null,null,null,null,null,null,null,null,null,null,null,null,null,null,null,null,null],"Location":[null,null,null,null,null,null,null,null,null,null,null,null,null,null,null,null,null,null,null,null,null],"Quantile":[null,null,null,null,null,null,null,null,null,null,null,null,null,null,null,null,null,null,null,null,null],"Units":["PER_1000_POP","PER_1000_POP","PER_1000_POP","PER_1000_POP","PER_1000_POP","PER_1000_POP","PER_1000_POP","PER_1000_POP","PER_1000_POP","PER_1000_POP","PER_1000_POP","PER_1000_POP","PER_1000_POP","PER_1000_POP","PER_1000_POP","PER_1000_POP","PER_1000_POP","PER_1000_POP","PER_1000_POP","PER_1000_POP","PER_1000_POP"],"Value":[469.52373,469.83413,470.33801,474.5093,481.2416,481.68907,473.91407,464.05513,444.96345,413.96724,389.91272,365.71904,345.52394,326.49209,307.50466,295.76354,297.48054,308.21041,320.87887,320.67469,324.20743]},"edges":[]}