Year,Value,Units
2021,0.25154,Ratio
2021,0.41292,Ratio
2022,0.25154,Ratio
2022,0.46678,Ratio
