Year,Value,Units
2016,1612106.51529,CU_USD
2017,4511193.9735,CU_USD
2018,775565.02518,CU_USD
2019,32577121.99,CU_USD
