Year,Value,Units
2000,3.02421,CON_USD
2001,46.36852,CON_USD
2002,199.56881,CON_USD
2003,108.43109,CON_USD
2004,106.05839,CON_USD
2005,166.95153,CON_USD
2006,167.45179,CON_USD
2007,135.54465,CON_USD
2008,208.38976,CON_USD
2009,377.13787,CON_USD
2010,207.91025,CON_USD
2011,262.32608,CON_USD
2012,343.47621,CON_USD
2013,424.52754,CON_USD
2014,416.54776,CON_USD
2015,392.61333,CON_USD
2016,356.65544,CON_USD
2017,321.63231,CON_USD
2018,286.50054,CON_USD
2019,173.51927,CON_USD
2020,146.35169,CON_USD
