Year,Value,Units
2000,46.74916,MT_CO2E
2001,46.00738,MT_CO2E
2002,45.91401,MT_CO2E
2003,45.99898,MT_CO2E
