Year,Value,Units
2010,9.5785,PERCENT
2013,16.17474,PERCENT
2014,10.55392,PERCENT
2015,11.73837,PERCENT
2016,14.63542,PERCENT
2017,14.00766,PERCENT
