Year,Value,Units
2019,1357424.82388,TONNES
2019,2399592.98047,TONNES
2019,8912902.71506,TONNES
2019,102.69437,KG
2019,27.64808,KG
2019,15.64023,KG
