Year,Value,Units
2004,5.80602,PERCENT
2004,0.83749,PERCENT
2012,4.81975,PERCENT
2012,0.61039,PERCENT
