Year,Value,Units
2000,2.18286,CON_USD
2001,1.78763,CON_USD
2002,4.50685,CON_USD
2003,5.34333,CON_USD
2004,9.9492,CON_USD
2005,23.78799,CON_USD
2006,25.35662,CON_USD
2007,27.76339,CON_USD
2008,45.50342,CON_USD
2009,67.62809,CON_USD
2010,111.76595,CON_USD
2011,112.16251,CON_USD
2012,154.21746,CON_USD
2013,203.8051,CON_USD
2014,160.76023,CON_USD
2015,153.93192,CON_USD
2016,151.38399,CON_USD
2017,142.37278,CON_USD
2018,155.36686,CON_USD
2019,118.55257,CON_USD
2020,71.50923,CON_USD
