{"data":{"Year":[2000,2000,2001,2001,2002,2002,2003,2003,2004,2004,2005,2005,2006,2006,2007,2007,2008,2008,2009,2009,2010,2010,2012,2012,2013,2013,2014,2014,2015,2015,2016,2016,2017,2017,2018,2018,2019,2019],"Sex":[null,null,null,null,null,null,null,null,null,null,null,null,null,null,null,null,null,null,null,null,null,null,null,null,null,null,null,null,null,null,null,null,null,null,null,null,null,null],"Age":[null,null,null,null,null,null,null,null,null,null,null,null,null,null,null,null,null,null,null,null,null,null,null,null,null,null,null,null,null,null,null,null,null,null,null,null,null,null],"Location":[null,null,null,null,null,null,null,null,null,null,null,null,null,null,null,null,null,null,null,null,null,null,null,null,null,null,null,null,null,null,null,null,null,null,null,null,null,null],"Quantile":[null,null,null,null,null,null,null,null,null,null,null,null,null,null,null,null,null,null,null,null,null,null,null,null,null,null,null,null,null,null,null,null,null,null,null,null,null,null],"Units":["PERCENT","CUR_LCU_M","PERCENT","CUR_LCU_M","PERCENT","CUR_LCU_M","PERCENT","CUR_LCU_M","PERCENT","CUR_LCU_M","PERCENT","CUR_LCU_M","PERCENT","CUR_LCU_M","PERCENT","CUR_LCU_M","PERCENT","CUR_LCU_M","PERCENT","CUR_LCU_M","PERCENT","CUR_LCU_M","PERCENT","CUR_LCU_M","PERCENT","CUR_LCU_M","PERCENT","CUR_LCU_M","PERCENT","CUR_LCU_M","PERCENT","CUR_LCU_M","PERCENT","CUR_LCU_M","PERCENT","CUR_LCU_M","PERCENT","CUR_LCU_M"],"Value":[1.32258,17419.403,6.65715,148551.292,9.822,297200.978,12.28801,445225.39,13.03767,536321.997,20.09193,1139225.21,17.97149,1216224.246,17.61796,1523756.1040000001,19.1422,2118576.4160000002,20.75705,3134561.6370000001,20.65321,4034950.0,18.87322,5087193.1627900004,17.31497,5203352.3478499996,16.20437,5383739.4985300004,15.43503,5419429.20603,13.07035,4903654.5892899996,9.52259,5301807.1205200003,11.11693,8503953.0582699999,11.18713,9290725.8687100001]},"edges":[]}