{"data":{"Year":[2004,2005,2006,2007,2008,2009,2009,2010,2010,2011,2011,2012,2012,2013,2013,2014,2014,2015,2015,2016,2016,2017,2017,2018,2018,2019],"Sex":[null,null,null,null,null,null,null,null,null,null,null,null,null,null,null,null,null,null,null,null,null,null,null,null,null,null],"Age":["15+","15+","15+","15+","15+","15+","15+","15+","15+","15+","15+","15+","15+","15+","15+","15+","15+","15+","15+","15+","15+","15+","15+","15+","15+","15+"],"Location":[null,null,null,null,null,null,null,null,null,null,null,null,null,null,null,null,null,null,null,null,null,null,null,null,null,null],"Quantile":[null,null,null,null,null,null,null,null,null,null,null,null,null,null,null,null,null,null,null,null,null,null,null,null,null,null],"Units":["PER_100000_POP","PER_100000_POP","PER_100000_POP","PER_100000_POP","PER_100000_POP","PER_100000_POP","PER_100000_POP","PER_100000_POP","PER_100000_POP","PER_100000_POP","PER_100000_POP","PER_100000_POP","PER_100000_POP","PER_100000_POP","PER_100000_POP","PER_100000_POP","PER_100000_POP","PER_100000_POP","PER_100000_POP","PER_100000_POP","PER_100000_POP","PER_100000_POP","PER_100000_POP","PER_100000_POP","PER_100000_POP","PER_100000_POP"],"Value":[0.45865,0.45449,0.45103,0.47847,0.47267,0.09806,0.48434,0.40548,0.60103,0.48785,0.61051,0.65347,0.69128,0.72144,0.64825,1.10752,0.79398,1.31265,1.0291,1.19933,0.84214,1.35164,0.87365,1.40087,0.88825,0.67427]},"edges":[]}