Year;Sex;Age;Location;Units;Value
2016;;;;CU_USD;1612106.51529
2017;;;;CU_USD;4511193.9735
2018;;;;CU_USD;775565.02518
2019;;;;CU_USD;32577121.99
